model,label,best_epoch,f1,iou,precision,recall,tolerant_f1,tolerant_iou,accuracy,positive_fraction_mean,predicted_positive_fraction_mean,test_f1,test_iou,test_precision,test_recall,test_tolerant_f1,test_tolerant_iou,test_positive_fraction_mean,test_predicted_positive_fraction_mean
attn_unet,Attention U-Net,5,0.4612137637654808,0.299725688276295,0.4419818156473803,0.4821955306621369,0.5884655641616077,0.4168977739548266,0.9063904285430908,0.0830907821655273,0.0906507968902587,0.4548416162184993,0.2943656915644823,0.4416179471792817,0.4688816613476027,0.5771269976443302,0.4056068227374154,0.0821388959884643,0.0872098207473754
deeplabv3p,DeepLabV3+,3,0.4388919886190239,0.2811413338599002,0.474125357149993,0.4085329461590551,0.5563790498697547,0.3854052199918251,0.9132041931152344,0.0830907821655273,0.0715956687927246,0.4445875106352113,0.2858325451769873,0.4835759637265572,0.4114169028679406,0.5569398744551427,0.3859436378264962,0.0821388959884643,0.0698821544647216
unet,U-Net,6,0.4512423132975509,0.2913575940070505,0.3843166855708179,0.5463920483891331,0.5813508382893384,0.4097918315394648,0.8895773887634277,0.0830907821655273,0.1181321144104003,0.4372918599957807,0.2798295144188601,0.3770469912973627,0.5204497330308796,0.5599822009558317,0.3888717218131107,0.0821388959884643,0.113378882408142
phys_tau_net,PhysTAUNet,4,0.4484761526537619,0.2890552751869368,0.405103660879185,0.5022495896794335,0.5701012202124959,0.3987004033231066,0.8973574638366699,0.0830907821655273,0.1030163764953613,0.435590025627034,0.278437259262313,0.3859375105041781,0.4999049389650102,0.5511903564516375,0.3804435999623012,0.0821388959884643,0.1063945293426513
unet_pp,U-Net++,8,0.4431699084593057,0.2846617051323366,0.4086126974439455,0.4841122728890011,0.56289249619142,0.3916843344702181,0.8989162445068359,0.0830907821655273,0.0984435081481933,0.4189402067530787,0.264974296697994,0.3881363212668058,0.4550549975255105,0.5340689994667105,0.3643206939974814,0.0821388959884643,0.0963004827499389
