model,checkpoint,split,device,input_mode,patch_size,batch_size,warmup_batches,timed_batches,timed_images,background_rows,parameters,trainable_parameters,parameter_millions,checkpoint_mb,gmacs_per_image,gflops_per_image,forward_ms_per_image_mean,forward_ms_per_image_p50,forward_ms_per_image_p95,forward_images_per_second,effective_forward_tflops,synthetic_training
unet,data/models/synthetic_publication_benchmark/unet/best.pt,TEST,cuda,l1c_pair_methane,128,8,10,50,400,1235,1930177,1930177,1.930177,7.397615432739258,2.658664448,5.317328896,0.5438032140955329,0.5731128621846437,0.614505261182785,1838.9004957670672,9.778038743010953,True
unet_pp,data/models/synthetic_publication_benchmark/unet_pp/best.pt,TEST,cuda,l1c_pair_methane,128,8,10,50,400,1235,1934722,1934722,1.934722,7.419574737548828,2.732064768,5.464129536,0.5200152564793825,0.5924567813053727,0.6552631268277764,1923.0205028410505,10.507633127907354,True
attn_unet,data/models/synthetic_publication_benchmark/attn_unet/best.pt,TEST,cuda,l1c_pair_methane,128,8,10,50,400,1235,1973409,1973409,1.973409,7.564146041870117,2.759327744,5.518655488,0.7118703168816864,0.6157737807370722,0.9113056003116071,1404.7502421233853,7.752332632963549,True
deeplabv3p,data/models/synthetic_publication_benchmark/deeplabv3p/best.pt,TEST,cuda,l1c_pair_methane,128,8,10,50,400,1235,1326273,1326273,1.326273,5.084630966186523,5.729419264,11.458838528,0.6637059897184372,0.6616326281800866,0.7031386077869684,1506.6912390292398,17.264931619588307,True
phys_tau_net,data/models/synthetic_publication_benchmark/phys_tau_net/best.pt,TEST,cuda,l1c_pair_methane,128,8,10,50,400,1235,3745106,3745106,3.745106,14.349088668823242,3.305897984,6.611795968,0.8523388160392642,0.8824703982099891,0.9612881985958666,1173.2423552489408,7.757239073921771,True
